Job Title,Job Sector,Cleaned_Job_Title
"<Job Database Developer (SQL Server, T-SQL and Data Warehousing)
Database Developer (SQL Server, T-SQL and Data Warehousing) with verification TransImpact · Pune, Maharashtra, India (Hybrid)>",Web Developer,
"<Job Frontend Developer Internship (Remote) (React.js, Python, HTML)
Frontend Developer Internship (Remote) (React.js, Python, HTML) Acowale · Karnataka, India (Remote)>",Web Developer,
"<Job Front end Developer Intern
Front end Developer Intern Mayura Consultancy Services · Bangalore Urban, Karnataka, India (Remote)>",Web Developer,
"<Job [Internship] JavaScript Developer Intern
[Internship] JavaScript Developer Intern The Draft · India (Remote)>",Web Developer,
"<Job WordPress - Web Engineer Intern
WordPress - Web Engineer Intern Diginnovators Solutions Private Limited · India (Remote)>",Web Developer,
"<Job Jr. Fullstack Web Developer
Jr. Fullstack Web Developer Cloud Counselage Pvt. Ltd. · India (Remote)>",Web Developer,
"<Job Full Stack Developer - Intern
Full Stack Developer - Intern techolution · Hyderabad, Telangana, India (On-site)>",Web Developer,
"<Job Backend Developer Internship Remote
Backend Developer Internship Remote Acowale · Bengaluru, Karnataka, India (Remote)>",Web Developer,
"<Job Software Engineer Intern
Software Engineer Intern with verification Coding Ninjas · Gurugram, Haryana, India (Remote)>",Web Developer,
"<Job Full Stack Developer Internship
Full Stack Developer Internship Idea Usher · India (On-site)>",Web Developer,
"<Job Full Stack Developer Intern
Full Stack Developer Intern PROVEN Arabia | بروفن العربية · Bangalore North Rural, Karnataka, India (Remote)>",Web Developer,
"<Job Web Developer - Python/AngularJS
Web Developer - Python/AngularJS METAFOLKS TECHNOLOGIES · Hyderabad, Telangana, India (On-site)>",Web Developer,
"<Job Web Developer
Web Developer Minteworld · Bengaluru, Karnataka, India (Remote)>",Web Developer,
"<Job Fullstack Web Developer (React / MERN / Python)
Fullstack Web Developer (React / MERN / Python) Marketsleague · Bengaluru, Karnataka, India (Hybrid)>",Web Developer,
"<Job LAB45 - Web Application Developer
LAB45 - Web Application Developer with verification Wipro · Bengaluru, Karnataka, India (On-site)>",Web Developer,
"<Job Frontend Developer
Frontend Developer Data Sense · India (Remote)>",Web Developer,
"<Job Full Stack Developer(React.js + Python)
Full Stack Developer(React.js + Python) with verification Fractal · Bengaluru, Karnataka, India (On-site)>",Web Developer,
"<Job Software Engineer Intern
Software Engineer Intern Zluri · Bengaluru, Karnataka, India (Hybrid)>",Web Developer,
"<Job JavaScript Fullstack Developer
JavaScript Fullstack Developer techjays · Kerala, India (Remote)>",Web Developer,
Job Title,Job Sector,job title
"<Job Generative AI Engineer
Generative AI Engineer with verification Deloitte · Bengaluru, Karnataka, India (Hybrid)>",Data Scientist,
"<Job Data Science Internship Opportunities
Data Science Internship Opportunities with verification Microsoft · Punjab, India (On-site)>",Data Scientist,
"<Job Data Scientist
Data Scientist with verification Deloitte · Maharashtra, India (Hybrid)>",Data Scientist,
"<Job AI Intern
AI Intern with verification techolution · Hyderabad, Telangana, India (On-site)>",Data Scientist,
"<Job Generative AI Intern
Generative AI Intern Presto · India (Remote)>",Data Scientist,
"<Job Machine Learning Engineer
Machine Learning Engineer with verification Deloitte · Bengaluru, Karnataka, India (Hybrid)>",Data Scientist,
"<Job ML Engineer Intern
ML Engineer Intern Branch International · India (Remote)>",Data Scientist,
"<Job Python AI Developer
Python AI Developer AviinTech Business Solutions · India (Remote)>",Data Scientist,
"<Job Data Scientist
Data Scientist with verification Tata Consultancy Services · Bengaluru, Karnataka, India (On-site)>",Data Scientist,
"<Job Research Engineering Internship (Machine Learning)
Research Engineering Internship (Machine Learning) Supra · Greater Kolkata Area (Remote)>",Data Scientist,
"<Job Data Scientist
Data Scientist Soul AI · India (Remote)>",Data Scientist,
"<Job Intern - Generative AI
Intern - Generative AI Brainy Careers · India (Remote)>",Data Scientist,
"<Job Data Scientist
Data Scientist Solytics Partners · Pune, Maharashtra, India (Hybrid)>",Data Scientist,
"<Job Software Engineering Intern
Software Engineering Intern with verification LinkedIn · Bengaluru, Karnataka, India (On-site)>",Data Scientist,
"<Job Machine Learning Intern
Machine Learning Intern Laika AI · Gurugram, Haryana, India (Hybrid)>",Data Scientist,
"<Job Data Scientist + Gen AI
Data Scientist + Gen AI with verification LTIMindtree · Bangalore Urban, Karnataka, India (Hybrid)>",Data Scientist,
"<Job Python Data Scientist - LLM Project
Python Data Scientist - LLM Project YO HR Consultancy · India (Remote)>",Data Scientist,
"<Job Machine Learning Engineer
Machine Learning Engineer with verification Tata Consultancy Services · Hyderabad, Telangana, India (On-site)>",Data Scientist,
"<Job Python Data Scientist
Python Data Scientist YO HR Consultancy · India (Remote)>",Data Scientist,
Job Title,Job Sector,job title
"<Job Software Engineer Intern
Software Engineer Intern with verification Coding Ninjas · Gurugram, Haryana, India (Remote)>",App Developer,
"<Job Software Engineering Intern
Software Engineering Intern with verification LinkedIn · Bengaluru, Karnataka, India (On-site)>",App Developer,
"<Job Full Stack Developer Intern
Full Stack Developer Intern PROVEN Arabia | بروفن العربية · Bangalore North Rural, Karnataka, India (Remote)>",App Developer,
"<Job Remote Python Programmer
Remote Python Programmer with verification Turing · Greater Bengaluru Area (Remote)>",App Developer,
"<Job Remote Python Programmer
Remote Python Programmer with verification Turing · India (Remote)>",App Developer,
"<Job Full Stack Developer
Full Stack Developer Truelancer.com · Hyderabad, Telangana, India (Hybrid)>",App Developer,
"<Job Remote Python Developer
Remote Python Developer with verification Turing · India (Remote)>",App Developer,
"<Job Remote Python Programmer
Remote Python Programmer with verification Turing · Delhi, Delhi, India (Remote)>",App Developer,
"<Job Software Engineer Intern
Software Engineer Intern Zluri · Bengaluru, Karnataka, India (Hybrid)>",App Developer,
"<Job Software Engineer Intern
Software Engineer Intern Branch International · India (Remote)>",App Developer,
"<Job Machine Learning Engineer
Machine Learning Engineer with verification Deloitte · Bengaluru, Karnataka, India (Hybrid)>",App Developer,
"<Job Software Engineering Intern, No Code Development - Remote (reward-based)
Software Engineering Intern, No Code Development - Remote (reward-based) Project Eagle · Jaipur, Rajasthan, India (Remote)>",App Developer,
"<Job Python Developer
Python Developer Jorie AI · Noida, Uttar Pradesh, India (Remote)>",App Developer,
"<Job Junior Software Engineer, Trilogy (Remote) - $100,000/year USD
Junior Software Engineer, Trilogy (Remote) - $100,000/year USD with verification Crossover · Bengaluru, Karnataka, India (Remote)>",App Developer,
"<Job Software Development Engineer
Software Development Engineer with verification Amazon · Karnataka, India>",App Developer,
"<Job Software Developer Engineer, Device Software Services
Software Developer Engineer, Device Software Services with verification Amazon · Bengaluru, Karnataka, India>",App Developer,
"<Job Software Engineer-Backend Intern
Software Engineer-Backend Intern TrueFoundry · Bengaluru, Karnataka, India (On-site)>",App Developer,
"<Job Software Development Engineer II, Amazon
Software Development Engineer II, Amazon with verification Amazon · Hyderabad, Telangana, India>",App Developer,
"<Job Software Engineer III, Full Stack, Core
Software Engineer III, Full Stack, Core with verification Google · Hyderabad, Telangana, India (On-site)>",App Developer,
Job Title,Job Sector,job title
"<Job Frontend Developer Internship (Remote) (React.js, Python, HTML)
Frontend Developer Internship (Remote) (React.js, Python, HTML) Acowale · Karnataka, India (Remote)>",Web Developer,
"<Job Front end Developer Intern
Front end Developer Intern Mayura Consultancy Services · Bangalore Urban, Karnataka, India (Remote)>",Web Developer,
"<Job [Internship] JavaScript Developer Intern
[Internship] JavaScript Developer Intern The Draft · India (Remote)>",Web Developer,
"<Job WordPress - Web Engineer Intern
WordPress - Web Engineer Intern Diginnovators Solutions Private Limited · India (Remote)>",Web Developer,
"<Job Jr. Fullstack Web Developer
Jr. Fullstack Web Developer Cloud Counselage Pvt. Ltd. · India (Remote)>",Web Developer,
"<Job Full Stack Developer - Intern
Full Stack Developer - Intern techolution · Hyderabad, Telangana, India (On-site)>",Web Developer,
"<Job Backend Developer Internship Remote
Backend Developer Internship Remote Acowale · Bengaluru, Karnataka, India (Remote)>",Web Developer,
"<Job Software Engineer Intern
Software Engineer Intern with verification Coding Ninjas · Gurugram, Haryana, India (Remote)>",Web Developer,
"<Job Full Stack Developer Internship
Full Stack Developer Internship Idea Usher · India (On-site)>",Web Developer,
"<Job Full Stack Developer Intern
Full Stack Developer Intern PROVEN Arabia | بروفن العربية · Bangalore North Rural, Karnataka, India (Remote)>",Web Developer,
"<Job Web Developer - Python/AngularJS
Web Developer - Python/AngularJS METAFOLKS TECHNOLOGIES · Hyderabad, Telangana, India (On-site)>",Web Developer,
"<Job Software Engineering Intern
Software Engineering Intern with verification LinkedIn · Bengaluru, Karnataka, India (On-site)>",Web Developer,
"<Job Web Developer
Web Developer Minteworld · Bengaluru, Karnataka, India (Remote)>",Web Developer,
"<Job Fullstack Web Developer (React / MERN / Python)
Fullstack Web Developer (React / MERN / Python) Marketsleague · Bengaluru, Karnataka, India (Hybrid)>",Web Developer,
"<Job LAB45 - Web Application Developer
LAB45 - Web Application Developer with verification Wipro · Bengaluru, Karnataka, India (On-site)>",Web Developer,
"<Job Frontend Developer
Frontend Developer Data Sense · India (Remote)>",Web Developer,
"<Job JavaScript Fullstack Developer
JavaScript Fullstack Developer techjays · Kerala, India (Remote)>",Web Developer,
"<Job Junior Software Engineer, Trilogy (Remote) - $100,000/year USD
Junior Software Engineer, Trilogy (Remote) - $100,000/year USD with verification Crossover · Bengaluru, Karnataka, India (Remote)>",Web Developer,
