Job Title,Job Sector,Cleaned_Job_Title,Job_Title,Company,Location,Skills
"<Job Database Developer (SQL Server, T-SQL and Data Warehousing)
Database Developer (SQL Server, T-SQL and Data Warehousing) with verification TransImpact · Pune, Maharashtra, India (Hybrid)>",Web Developer,"database developer (sql server, t-sql and data warehousing) database developer (sql server, t-sql and data warehousing)  transimpact · pune, maharashtra, india (hybrid)",database developer  database developer,transimpact,"pune, maharashtra, india (hybrid)","sql server, t-sql and data warehousing"
"<Job Frontend Developer Internship (Remote) (React.js, Python, HTML)
Frontend Developer Internship (Remote) (React.js, Python, HTML) Acowale · Karnataka, India (Remote)>",Web Developer,"frontend developer internship (remote) (react.js, python, html) frontend developer internship (remote) (react.js, python, html) acowale · karnataka, india (remote)","frontend developer internship  (react.js, python, html) frontend developer internship  (react.js, python, html) acowale",,"karnataka, india (remote)",remote
"<Job Front end Developer Intern
Front end Developer Intern Mayura Consultancy Services · Bangalore Urban, Karnataka, India (Remote)>",Web Developer,"front end developer intern front end developer intern mayura consultancy services · bangalore urban, karnataka, india (remote)",front end developer intern front end developer intern mayura consultancy services,,"bangalore urban, karnataka, india (remote)",
"<Job [Internship] JavaScript Developer Intern
[Internship] JavaScript Developer Intern The Draft · India (Remote)>",Web Developer,[internship] javascript developer intern [internship] javascript developer intern the draft · india (remote),[internship] javascript developer intern [internship] javascript developer intern the draft,,india (remote),
"<Job WordPress - Web Engineer Intern
WordPress - Web Engineer Intern Diginnovators Solutions Private Limited · India (Remote)>",Web Developer,wordpress - web engineer intern wordpress - web engineer intern diginnovators solutions private limited · india (remote),wordpress - web engineer intern wordpress - web engineer intern diginnovators solutions private limited,,india (remote),
"<Job Jr. Fullstack Web Developer
Jr. Fullstack Web Developer Cloud Counselage Pvt. Ltd. · India (Remote)>",Web Developer,jr. fullstack web developer jr. fullstack web developer cloud counselage pvt. ltd. · india (remote),jr. fullstack web developer jr. fullstack web developer cloud counselage pvt. ltd.,,india (remote),
"<Job Full Stack Developer - Intern
Full Stack Developer - Intern techolution · Hyderabad, Telangana, India (On-site)>",Web Developer,"full stack developer - intern full stack developer - intern techolution · hyderabad, telangana, india (on-site)",full stack developer - intern full stack developer - intern techolution,,"hyderabad, telangana, india (on-site)",
"<Job Backend Developer Internship Remote
Backend Developer Internship Remote Acowale · Bengaluru, Karnataka, India (Remote)>",Web Developer,"backend developer internship remote backend developer internship remote acowale · bengaluru, karnataka, india (remote)",backend developer internship remote backend developer internship remote acowale,,"bengaluru, karnataka, india (remote)",
"<Job Software Engineer Intern
Software Engineer Intern with verification Coding Ninjas · Gurugram, Haryana, India (Remote)>",Web Developer,"software engineer intern software engineer intern  coding ninjas · gurugram, haryana, india (remote)",software engineer intern software engineer intern,coding ninjas,"gurugram, haryana, india (remote)",
"<Job Full Stack Developer Internship
Full Stack Developer Internship Idea Usher · India (On-site)>",Web Developer,full stack developer internship full stack developer internship idea usher · india (on-site),full stack developer internship full stack developer internship idea usher,,india (on-site),
"<Job Full Stack Developer Intern
Full Stack Developer Intern PROVEN Arabia | بروفن العربية · Bangalore North Rural, Karnataka, India (Remote)>",Web Developer,"full stack developer intern full stack developer intern proven arabia | بروفن العربية · bangalore north rural, karnataka, india (remote)",full stack developer intern full stack developer intern proven arabia | بروفن العربية,,"bangalore north rural, karnataka, india (remote)",
"<Job Web Developer - Python/AngularJS
Web Developer - Python/AngularJS METAFOLKS TECHNOLOGIES · Hyderabad, Telangana, India (On-site)>",Web Developer,"web developer - python/angularjs web developer - python/angularjs metafolks technologies · hyderabad, telangana, india (on-site)",web developer - python/angularjs web developer - python/angularjs metafolks technologies,,"hyderabad, telangana, india (on-site)",
"<Job Web Developer
Web Developer Minteworld · Bengaluru, Karnataka, India (Remote)>",Web Developer,"web developer web developer minteworld · bengaluru, karnataka, india (remote)",web developer web developer minteworld,,"bengaluru, karnataka, india (remote)",
"<Job Fullstack Web Developer (React / MERN / Python)
Fullstack Web Developer (React / MERN / Python) Marketsleague · Bengaluru, Karnataka, India (Hybrid)>",Web Developer,"fullstack web developer (react / mern / python) fullstack web developer (react / mern / python) marketsleague · bengaluru, karnataka, india (hybrid)",fullstack web developer  fullstack web developer  marketsleague,,"bengaluru, karnataka, india (hybrid)",react / mern / python
"<Job LAB45 - Web Application Developer
LAB45 - Web Application Developer with verification Wipro · Bengaluru, Karnataka, India (On-site)>",Web Developer,"lab45 - web application developer lab45 - web application developer  wipro · bengaluru, karnataka, india (on-site)",lab45 - web application developer lab45 - web application developer,wipro,"bengaluru, karnataka, india (on-site)",
"<Job Frontend Developer
Frontend Developer Data Sense · India (Remote)>",Web Developer,frontend developer frontend developer data sense · india (remote),frontend developer frontend developer data sense,,india (remote),
"<Job Full Stack Developer(React.js + Python)
Full Stack Developer(React.js + Python) with verification Fractal · Bengaluru, Karnataka, India (On-site)>",Web Developer,"full stack developer(react.js + python) full stack developer(react.js + python)  fractal · bengaluru, karnataka, india (on-site)",full stack developer full stack developer,fractal,"bengaluru, karnataka, india (on-site)",react.js + python
"<Job Software Engineer Intern
Software Engineer Intern Zluri · Bengaluru, Karnataka, India (Hybrid)>",Web Developer,"software engineer intern software engineer intern zluri · bengaluru, karnataka, india (hybrid)",software engineer intern software engineer intern zluri,,"bengaluru, karnataka, india (hybrid)",
"<Job JavaScript Fullstack Developer
JavaScript Fullstack Developer techjays · Kerala, India (Remote)>",Web Developer,"javascript fullstack developer javascript fullstack developer techjays · kerala, india (remote)",javascript fullstack developer javascript fullstack developer techjays,,"kerala, india (remote)",
Job Title,Job Sector,job title,job title,,,
"<Job Generative AI Engineer
Generative AI Engineer with verification Deloitte · Bengaluru, Karnataka, India (Hybrid)>",Data Scientist,"generative ai engineer generative ai engineer  deloitte · bengaluru, karnataka, india (hybrid)",generative ai engineer generative ai engineer,deloitte,"bengaluru, karnataka, india (hybrid)",
"<Job Data Science Internship Opportunities
Data Science Internship Opportunities with verification Microsoft · Punjab, India (On-site)>",Data Scientist,"data science internship opportunities data science internship opportunities  microsoft · punjab, india (on-site)",data science internship opportunities data science internship opportunities,microsoft,"punjab, india (on-site)",
"<Job Data Scientist
Data Scientist with verification Deloitte · Maharashtra, India (Hybrid)>",Data Scientist,"data scientist data scientist  deloitte · maharashtra, india (hybrid)",data scientist data scientist,deloitte,"maharashtra, india (hybrid)",
"<Job AI Intern
AI Intern with verification techolution · Hyderabad, Telangana, India (On-site)>",Data Scientist,"ai intern ai intern  techolution · hyderabad, telangana, india (on-site)",ai intern ai intern,techolution,"hyderabad, telangana, india (on-site)",
"<Job Generative AI Intern
Generative AI Intern Presto · India (Remote)>",Data Scientist,generative ai intern generative ai intern presto · india (remote),generative ai intern generative ai intern presto,,india (remote),
"<Job Machine Learning Engineer
Machine Learning Engineer with verification Deloitte · Bengaluru, Karnataka, India (Hybrid)>",Data Scientist,"machine learning engineer machine learning engineer  deloitte · bengaluru, karnataka, india (hybrid)",machine learning engineer machine learning engineer,deloitte,"bengaluru, karnataka, india (hybrid)",
"<Job ML Engineer Intern
ML Engineer Intern Branch International · India (Remote)>",Data Scientist,ml engineer intern ml engineer intern branch international · india (remote),ml engineer intern ml engineer intern branch international,,india (remote),
"<Job Python AI Developer
Python AI Developer AviinTech Business Solutions · India (Remote)>",Data Scientist,python ai developer python ai developer aviintech business solutions · india (remote),python ai developer python ai developer aviintech business solutions,,india (remote),
"<Job Data Scientist
Data Scientist with verification Tata Consultancy Services · Bengaluru, Karnataka, India (On-site)>",Data Scientist,"data scientist data scientist  tata consultancy services · bengaluru, karnataka, india (on-site)",data scientist data scientist,tata consultancy services,"bengaluru, karnataka, india (on-site)",
"<Job Research Engineering Internship (Machine Learning)
Research Engineering Internship (Machine Learning) Supra · Greater Kolkata Area (Remote)>",Data Scientist,research engineering internship (machine learning) research engineering internship (machine learning) supra · greater kolkata area (remote),research engineering internship  research engineering internship  supra,,greater kolkata area (remote),machine learning
"<Job Data Scientist
Data Scientist Soul AI · India (Remote)>",Data Scientist,data scientist data scientist soul ai · india (remote),data scientist data scientist soul ai,,india (remote),
"<Job Intern - Generative AI
Intern - Generative AI Brainy Careers · India (Remote)>",Data Scientist,intern - generative ai intern - generative ai brainy careers · india (remote),intern - generative ai intern - generative ai brainy careers,,india (remote),
"<Job Data Scientist
Data Scientist Solytics Partners · Pune, Maharashtra, India (Hybrid)>",Data Scientist,"data scientist data scientist solytics partners · pune, maharashtra, india (hybrid)",data scientist data scientist solytics partners,,"pune, maharashtra, india (hybrid)",
"<Job Software Engineering Intern
Software Engineering Intern with verification LinkedIn · Bengaluru, Karnataka, India (On-site)>",Data Scientist,"software engineering intern software engineering intern  linkedin · bengaluru, karnataka, india (on-site)",software engineering intern software engineering intern,linkedin,"bengaluru, karnataka, india (on-site)",
"<Job Machine Learning Intern
Machine Learning Intern Laika AI · Gurugram, Haryana, India (Hybrid)>",Data Scientist,"machine learning intern machine learning intern laika ai · gurugram, haryana, india (hybrid)",machine learning intern machine learning intern laika ai,,"gurugram, haryana, india (hybrid)",
"<Job Data Scientist + Gen AI
Data Scientist + Gen AI with verification LTIMindtree · Bangalore Urban, Karnataka, India (Hybrid)>",Data Scientist,"data scientist + gen ai data scientist + gen ai  ltimindtree · bangalore urban, karnataka, india (hybrid)",data scientist + gen ai data scientist + gen ai,ltimindtree,"bangalore urban, karnataka, india (hybrid)",
"<Job Python Data Scientist - LLM Project
Python Data Scientist - LLM Project YO HR Consultancy · India (Remote)>",Data Scientist,python data scientist - llm project python data scientist - llm project yo hr consultancy · india (remote),python data scientist - llm project python data scientist - llm project yo hr consultancy,,india (remote),
"<Job Machine Learning Engineer
Machine Learning Engineer with verification Tata Consultancy Services · Hyderabad, Telangana, India (On-site)>",Data Scientist,"machine learning engineer machine learning engineer  tata consultancy services · hyderabad, telangana, india (on-site)",machine learning engineer machine learning engineer,tata consultancy services,"hyderabad, telangana, india (on-site)",
"<Job Python Data Scientist
Python Data Scientist YO HR Consultancy · India (Remote)>",Data Scientist,python data scientist python data scientist yo hr consultancy · india (remote),python data scientist python data scientist yo hr consultancy,,india (remote),
Job Title,Job Sector,job title,job title,,,
"<Job Software Engineer Intern
Software Engineer Intern with verification Coding Ninjas · Gurugram, Haryana, India (Remote)>",App Developer,"software engineer intern software engineer intern  coding ninjas · gurugram, haryana, india (remote)",software engineer intern software engineer intern,coding ninjas,"gurugram, haryana, india (remote)",
"<Job Software Engineering Intern
Software Engineering Intern with verification LinkedIn · Bengaluru, Karnataka, India (On-site)>",App Developer,"software engineering intern software engineering intern  linkedin · bengaluru, karnataka, india (on-site)",software engineering intern software engineering intern,linkedin,"bengaluru, karnataka, india (on-site)",
"<Job Full Stack Developer Intern
Full Stack Developer Intern PROVEN Arabia | بروفن العربية · Bangalore North Rural, Karnataka, India (Remote)>",App Developer,"full stack developer intern full stack developer intern proven arabia | بروفن العربية · bangalore north rural, karnataka, india (remote)",full stack developer intern full stack developer intern proven arabia | بروفن العربية,,"bangalore north rural, karnataka, india (remote)",
"<Job Remote Python Programmer
Remote Python Programmer with verification Turing · Greater Bengaluru Area (Remote)>",App Developer,remote python programmer remote python programmer  turing · greater bengaluru area (remote),remote python programmer remote python programmer,turing,greater bengaluru area (remote),
"<Job Remote Python Programmer
Remote Python Programmer with verification Turing · India (Remote)>",App Developer,remote python programmer remote python programmer  turing · india (remote),remote python programmer remote python programmer,turing,india (remote),
"<Job Full Stack Developer
Full Stack Developer Truelancer.com · Hyderabad, Telangana, India (Hybrid)>",App Developer,"full stack developer full stack developer truelancer.com · hyderabad, telangana, india (hybrid)",full stack developer full stack developer truelancer.com,,"hyderabad, telangana, india (hybrid)",
"<Job Remote Python Developer
Remote Python Developer with verification Turing · India (Remote)>",App Developer,remote python developer remote python developer  turing · india (remote),remote python developer remote python developer,turing,india (remote),
"<Job Remote Python Programmer
Remote Python Programmer with verification Turing · Delhi, Delhi, India (Remote)>",App Developer,"remote python programmer remote python programmer  turing · delhi, delhi, india (remote)",remote python programmer remote python programmer,turing,"delhi, delhi, india (remote)",
"<Job Software Engineer Intern
Software Engineer Intern Zluri · Bengaluru, Karnataka, India (Hybrid)>",App Developer,"software engineer intern software engineer intern zluri · bengaluru, karnataka, india (hybrid)",software engineer intern software engineer intern zluri,,"bengaluru, karnataka, india (hybrid)",
"<Job Software Engineer Intern
Software Engineer Intern Branch International · India (Remote)>",App Developer,software engineer intern software engineer intern branch international · india (remote),software engineer intern software engineer intern branch international,,india (remote),
"<Job Machine Learning Engineer
Machine Learning Engineer with verification Deloitte · Bengaluru, Karnataka, India (Hybrid)>",App Developer,"machine learning engineer machine learning engineer  deloitte · bengaluru, karnataka, india (hybrid)",machine learning engineer machine learning engineer,deloitte,"bengaluru, karnataka, india (hybrid)",
"<Job Software Engineering Intern, No Code Development - Remote (reward-based)
Software Engineering Intern, No Code Development - Remote (reward-based) Project Eagle · Jaipur, Rajasthan, India (Remote)>",App Developer,"software engineering intern, no code development - remote (reward-based) software engineering intern, no code development - remote (reward-based) project eagle · jaipur, rajasthan, india (remote)","software engineering intern, no code development - remote  software engineering intern, no code development - remote  project eagle",,"jaipur, rajasthan, india (remote)",reward-based
"<Job Python Developer
Python Developer Jorie AI · Noida, Uttar Pradesh, India (Remote)>",App Developer,"python developer python developer jorie ai · noida, uttar pradesh, india (remote)",python developer python developer jorie ai,,"noida, uttar pradesh, india (remote)",
"<Job Junior Software Engineer, Trilogy (Remote) - $100,000/year USD
Junior Software Engineer, Trilogy (Remote) - $100,000/year USD with verification Crossover · Bengaluru, Karnataka, India (Remote)>",App Developer,"junior software engineer, trilogy (remote) - $100,000/year usd junior software engineer, trilogy (remote) - $100,000/year usd  crossover · bengaluru, karnataka, india (remote)","junior software engineer, trilogy  - $100,000/year usd junior software engineer, trilogy  - $100,000/year usd",crossover,"bengaluru, karnataka, india (remote)",remote
"<Job Software Development Engineer
Software Development Engineer with verification Amazon · Karnataka, India>",App Developer,"software development engineer software development engineer  amazon · karnataka, india",software development engineer software development engineer,amazon,"karnataka, india",
"<Job Software Developer Engineer, Device Software Services
Software Developer Engineer, Device Software Services with verification Amazon · Bengaluru, Karnataka, India>",App Developer,"software developer engineer, device software services software developer engineer, device software services  amazon · bengaluru, karnataka, india","software developer engineer, device software services software developer engineer, device software services",amazon,"bengaluru, karnataka, india",
"<Job Software Engineer-Backend Intern
Software Engineer-Backend Intern TrueFoundry · Bengaluru, Karnataka, India (On-site)>",App Developer,"software engineer-backend intern software engineer-backend intern truefoundry · bengaluru, karnataka, india (on-site)",software engineer-backend intern software engineer-backend intern truefoundry,,"bengaluru, karnataka, india (on-site)",
"<Job Software Development Engineer II, Amazon
Software Development Engineer II, Amazon with verification Amazon · Hyderabad, Telangana, India>",App Developer,"software development engineer ii, amazon software development engineer ii, amazon  amazon · hyderabad, telangana, india","software development engineer ii, amazon software development engineer ii, amazon",amazon,"hyderabad, telangana, india",
"<Job Software Engineer III, Full Stack, Core
Software Engineer III, Full Stack, Core with verification Google · Hyderabad, Telangana, India (On-site)>",App Developer,"software engineer iii, full stack, core software engineer iii, full stack, core  google · hyderabad, telangana, india (on-site)","software engineer iii, full stack, core software engineer iii, full stack, core",google,"hyderabad, telangana, india (on-site)",
Job Title,Job Sector,job title,job title,,,
"<Job Frontend Developer Internship (Remote) (React.js, Python, HTML)
Frontend Developer Internship (Remote) (React.js, Python, HTML) Acowale · Karnataka, India (Remote)>",Web Developer,"frontend developer internship (remote) (react.js, python, html) frontend developer internship (remote) (react.js, python, html) acowale · karnataka, india (remote)","frontend developer internship  (react.js, python, html) frontend developer internship  (react.js, python, html) acowale",,"karnataka, india (remote)",remote
"<Job Front end Developer Intern
Front end Developer Intern Mayura Consultancy Services · Bangalore Urban, Karnataka, India (Remote)>",Web Developer,"front end developer intern front end developer intern mayura consultancy services · bangalore urban, karnataka, india (remote)",front end developer intern front end developer intern mayura consultancy services,,"bangalore urban, karnataka, india (remote)",
"<Job [Internship] JavaScript Developer Intern
[Internship] JavaScript Developer Intern The Draft · India (Remote)>",Web Developer,[internship] javascript developer intern [internship] javascript developer intern the draft · india (remote),[internship] javascript developer intern [internship] javascript developer intern the draft,,india (remote),
"<Job WordPress - Web Engineer Intern
WordPress - Web Engineer Intern Diginnovators Solutions Private Limited · India (Remote)>",Web Developer,wordpress - web engineer intern wordpress - web engineer intern diginnovators solutions private limited · india (remote),wordpress - web engineer intern wordpress - web engineer intern diginnovators solutions private limited,,india (remote),
"<Job Jr. Fullstack Web Developer
Jr. Fullstack Web Developer Cloud Counselage Pvt. Ltd. · India (Remote)>",Web Developer,jr. fullstack web developer jr. fullstack web developer cloud counselage pvt. ltd. · india (remote),jr. fullstack web developer jr. fullstack web developer cloud counselage pvt. ltd.,,india (remote),
"<Job Full Stack Developer - Intern
Full Stack Developer - Intern techolution · Hyderabad, Telangana, India (On-site)>",Web Developer,"full stack developer - intern full stack developer - intern techolution · hyderabad, telangana, india (on-site)",full stack developer - intern full stack developer - intern techolution,,"hyderabad, telangana, india (on-site)",
"<Job Backend Developer Internship Remote
Backend Developer Internship Remote Acowale · Bengaluru, Karnataka, India (Remote)>",Web Developer,"backend developer internship remote backend developer internship remote acowale · bengaluru, karnataka, india (remote)",backend developer internship remote backend developer internship remote acowale,,"bengaluru, karnataka, india (remote)",
"<Job Software Engineer Intern
Software Engineer Intern with verification Coding Ninjas · Gurugram, Haryana, India (Remote)>",Web Developer,"software engineer intern software engineer intern  coding ninjas · gurugram, haryana, india (remote)",software engineer intern software engineer intern,coding ninjas,"gurugram, haryana, india (remote)",
"<Job Full Stack Developer Internship
Full Stack Developer Internship Idea Usher · India (On-site)>",Web Developer,full stack developer internship full stack developer internship idea usher · india (on-site),full stack developer internship full stack developer internship idea usher,,india (on-site),
"<Job Full Stack Developer Intern
Full Stack Developer Intern PROVEN Arabia | بروفن العربية · Bangalore North Rural, Karnataka, India (Remote)>",Web Developer,"full stack developer intern full stack developer intern proven arabia | بروفن العربية · bangalore north rural, karnataka, india (remote)",full stack developer intern full stack developer intern proven arabia | بروفن العربية,,"bangalore north rural, karnataka, india (remote)",
"<Job Web Developer - Python/AngularJS
Web Developer - Python/AngularJS METAFOLKS TECHNOLOGIES · Hyderabad, Telangana, India (On-site)>",Web Developer,"web developer - python/angularjs web developer - python/angularjs metafolks technologies · hyderabad, telangana, india (on-site)",web developer - python/angularjs web developer - python/angularjs metafolks technologies,,"hyderabad, telangana, india (on-site)",
"<Job Software Engineering Intern
Software Engineering Intern with verification LinkedIn · Bengaluru, Karnataka, India (On-site)>",Web Developer,"software engineering intern software engineering intern  linkedin · bengaluru, karnataka, india (on-site)",software engineering intern software engineering intern,linkedin,"bengaluru, karnataka, india (on-site)",
"<Job Web Developer
Web Developer Minteworld · Bengaluru, Karnataka, India (Remote)>",Web Developer,"web developer web developer minteworld · bengaluru, karnataka, india (remote)",web developer web developer minteworld,,"bengaluru, karnataka, india (remote)",
"<Job Fullstack Web Developer (React / MERN / Python)
Fullstack Web Developer (React / MERN / Python) Marketsleague · Bengaluru, Karnataka, India (Hybrid)>",Web Developer,"fullstack web developer (react / mern / python) fullstack web developer (react / mern / python) marketsleague · bengaluru, karnataka, india (hybrid)",fullstack web developer  fullstack web developer  marketsleague,,"bengaluru, karnataka, india (hybrid)",react / mern / python
"<Job LAB45 - Web Application Developer
LAB45 - Web Application Developer with verification Wipro · Bengaluru, Karnataka, India (On-site)>",Web Developer,"lab45 - web application developer lab45 - web application developer  wipro · bengaluru, karnataka, india (on-site)",lab45 - web application developer lab45 - web application developer,wipro,"bengaluru, karnataka, india (on-site)",
"<Job Frontend Developer
Frontend Developer Data Sense · India (Remote)>",Web Developer,frontend developer frontend developer data sense · india (remote),frontend developer frontend developer data sense,,india (remote),
"<Job JavaScript Fullstack Developer
JavaScript Fullstack Developer techjays · Kerala, India (Remote)>",Web Developer,"javascript fullstack developer javascript fullstack developer techjays · kerala, india (remote)",javascript fullstack developer javascript fullstack developer techjays,,"kerala, india (remote)",
"<Job Junior Software Engineer, Trilogy (Remote) - $100,000/year USD
Junior Software Engineer, Trilogy (Remote) - $100,000/year USD with verification Crossover · Bengaluru, Karnataka, India (Remote)>",Web Developer,"junior software engineer, trilogy (remote) - $100,000/year usd junior software engineer, trilogy (remote) - $100,000/year usd  crossover · bengaluru, karnataka, india (remote)","junior software engineer, trilogy  - $100,000/year usd junior software engineer, trilogy  - $100,000/year usd",crossover,"bengaluru, karnataka, india (remote)",remote
